<?xml version='1.0' encoding='utf-8' standalone='yes' ?>
<map>
    <int name="fgr_color_picker" value="-987066" />
    <int name="sfg_color_picker" value="-986896" />
    <int name="cur_color_picker" value="0" />
    <int name="bgr_color_picker" value="-10223616" />
    <string name="types6">*.apk;*.zip;*.jar;*.rar</string>
    <int name="btn_color_picker" value="-14013875" />
    <string name="types5">*.htm*;*.xml;*.pdf;*.csv;*.doc*;*.xls*</string>
    <string name="types4">*.3gpp;*.aif;*.au;*.flac;*.m3u;*.mid;*.midi;*.mp3;*.oga;*.ogg;*.ra;*.ram;*.wav;*.wma</string>
    <string name="types3">*.avi;*.flv;*.mkv;*.mov;*.mp2;*.mp4;*.mpeg;*.mpg;*.ogv;*.swf;*.wmv</string>
    <string name="types2">*.bmp;*.djvu;*.gif;*.jpeg;*.jpg;*.png;*.svg;*.tif;*.tiff</string>
    <string name="types1">/*;*/</string>
    <int name="sel_color_picker" value="-11009823" />
    <int name="ttl_color_picker" value="-11184706" />
</map>
