<?xml version='1.0' encoding='utf-8' standalone='yes' ?>
<map>
    <boolean name="_has_set_default_values" value="true" />
    <boolean name="show_toolbar" value="true" />
    <boolean name="volume_legc" value="true" />
    <string name="thumbnails_size">200</string>
    <string name="font_size">12</string>
    <string name="language"></string>
    <boolean name="exit_on_back" value="false" />
    <string name="busybox_path">busybox</string>
    <boolean name="show_hotkeys" value="true" />
    <boolean name="two_lines" value="true" />
    <boolean name="root_root" value="true" />
    <string name="text_font_size">12</string>
    <boolean name="prevent_root" value="true" />
    <boolean name="right_detailed_Ovr" value="true" />
    <boolean name="right_detailed_SbS" value="true" />
    <boolean name="case_ignore" value="true" />
    <string name="right_sorting">n</string>
    <string name="left_sorting">n</string>
    <boolean name="send_content" value="true" />
    <boolean name="show_icons" value="true" />
    <string name="show_actionbar">a</string>
    <boolean name="show_confirm" value="true" />
    <string name="su_path">su</string>
    <boolean name="show_thumbnails" value="true" />
    <string name="panels_sxs_mode">y</string>
    <boolean name="right_show_hidden" value="true" />
    <boolean name="show_root" value="true" />
    <string name="finger_friendly_a">y</string>
    <boolean name="panels_sliding" value="true" />
    <boolean name="left_detailed_Ovr" value="true" />
    <boolean name="arrow_legc" value="false" />
    <boolean name="scan_all" value="true" />
    <string name="color_themes">d</string>
    <boolean name="left_detailed_SbS" value="true" />
    <string name="remote_open_size">5000000</string>
    <boolean name="compare_content" value="true" />
    <boolean name="open_content" value="true" />
    <boolean name="left_show_hidden" value="true" />
    <boolean name="cpmv_err_ign" value="true" />
</map>
