<?xml version='1.0' encoding='utf-8' standalone='yes' ?>
<map>
    <string name="CMT_5eda73b">Home</string>
    <string name="URI_52d13df5">/storage/emulated/0</string>
    <string name="CMT_623d88bd">Movies</string>
    <string name="URI_32df56b">/storage/emulated/0/Music</string>
    <string name="CMT_a372ae2f">Pictures</string>
    <string name="CMT_24123382">Downloads</string>
    <string name="CMT_dff32037"></string>
    <string name="URI_623d88bd">/storage/emulated/0/Movies</string>
    <string name="CMT_52d13df5">Default location</string>
    <string name="URI_a372ae2f">/storage/emulated/0/Pictures</string>
    <string name="CMT_2682e512"></string>
    <string name="CMT_843671bd">Camera</string>
    <string name="URI_24123382">/storage/emulated/0/Download</string>
    <set name="IDS">
        <string>32df56b</string>
        <string>843671bd</string>
        <string>dff32037</string>
        <string>623d88bd</string>
        <string>2682e512</string>
        <string>5eda73b</string>
        <string>24123382</string>
        <string>a372ae2f</string>
        <string>52d13df5</string>
    </set>
    <string name="URI_5eda73b">home:</string>
    <string name="URI_843671bd">/storage/emulated/0/DCIM</string>
    <string name="CMT_32df56b">Music</string>
    <string name="URI_dff32037">ftp:///</string>
    <string name="URI_2682e512">ftp:///?a=true&amp;e=Windows-1250</string>
</map>
